title,sentiment
"Morning Bid: TSMC steadies chip ship, ECB set to ease",0.3612
Riesenrabatt bei Ebay: iPad Pro 13 mit 1 TB Speicher jetzt 400 Euro günstiger: Guter Deal?,0.0
iPhone so beliebt wie nie: Apple lässt Samsung zittern,0.0
Apple a un plan contre les arnaques téléphoniques,0.0
Beats Studio Buds Ear Stereo $84 + $5 Delivery ($0 C&C) @ The Good Guys eBay,0.4404
"‘Alien: Earth’ Star Adarsh Gourav Teases ‘Very Exciting’ Sci-Fi Horror Series and Talks Toronto, London Title ‘Superboys of Malegaon’",-0.7096
Autonomy of a Murder,-0.6908
El iPhone arrasa contra las marcas chinas y nunca antes Apple había estado tan cerca de reinar. Sólo hay un rival que se resiste,0.0
iOS 18: Maximize your privacy by turning off these iPhone settings now,0.0
[Removed],0.0
The Good and the Bad of Mental Health at Work,-0.1531
[Removed],0.0
"Meet The Low-Cost Vanguard ETF That Has 20% Of Its Holdings in Nvidia, Broadcom, and AMD",0.0
[Removed],0.0
Native Instruments dejará de dar soporte oficial a Maschine MK1 / MK2 en noviembre de 2024,0.0
"Dyrektor ds. zasobów ludzkich Apple, Carol Surface, opuszcza firmę",0.0
Apple Secretly Worked With China’s BYD on Long-Range EV Battery,0.0
"2024 GMC Hummer EV SUV Review: A Statement of Style, Not Efficiency",-0.2755
These Ten Power Chargers Make For A Powerful Christmas Gift Idea,0.6908
Apple Music: Verlustfreie Audioqualität - so genießt ihr beste Streamingqualität,0.0
heise+ | Durch die Brille entwickeln: Das geht für Developer mit visionOS 2,-0.5994
Albon set to race with a special logo in Texas to mark his 100th F1 race,0.4019
Ny mobil har otrolig tunn ram,0.0
Apple TV+ : une suite confirmée pour l'une de ses meilleures séries ?,0.0
A Fall Dinner Party in Laurel Canyon With Betsy Sadler,0.4019
Achèteriez-vous un Apple Vision à 2 200 € ?,0.25
[Removed],0.0
Хакеры из КНДР научились обходить защиту турецких банкоматов даже при отрицательном балансе,0.0
Belleza: Cirugía mamaria y reconstrucción,0.0
В России показали прототип технологии для оплаты через iPhone без Apple Pay,-0.1027
Apple Music permite a los artistas crear listas de reproducción con repertorios de canciones de sus próximos conciertos,0.0
2024 Mercedes-Benz E-Class First Drive Review: Still The Comfort King?,0.3612
'Hail Yes': What to make of Michigan naming QB Jack Tuttle starter ahead of Illinois game,0.4588
Futures rise as chip stocks rally after TSMC results; economic data in focus,0.0
以旧换新补贴、PLUS会员：Apple 苹果 Watch Series 9 智能手表 GPS+蜂窝网络款 41mm 3383.65元（需用券）,0.0
Escapism?,0.0
A critical flaw in Kubernetes Image Builder could allow attackers to gain root access,-0.1779
Belleza: Nuevas herramientas para el pelo de Termix,0.0
Livforsakringsbolaget Skandia Omsesidigt Purchases Shares of 200 Hyatt Hotels Co. (NYSE:H),0.296
Apple introduce nuovi strumenti che aiutano le aziende ad entrare in contatto con la propria clientela,0.0
Stripe to Acquire Bridge: Another Strategic Step Into the Stablecoin Market,0.0
Neues iPad Mini: In EU ohne Ladegerät im Lieferumfang,0.0
New all-electric MINI Cooper: how it makes going electric easy,0.4404
Special investigation: The cost of being an F1 fan,0.6124
Victor Ambros on the team effort behind his Nobel-prize winning discovery of microRNA – podcast,0.5267
以旧换新补贴、PLUS会员：Apple 苹果 iPad Pro 2022款 12.9英寸平板电脑 128GB WLAN版 7577元（需用券）,0.0
В России запустят бесконтактную оплату на iPhone вместо Apple Pay,-0.1027
This small app brings some Apple Intelligence features to Windows,0.4767
The 14-inch M3 MacBook Pro 512GB Storage is $300 Off,0.0
Apple sichert sich spannendes Patent: Wie eine Glühbirne der schwächelnden Vision Pro helfen könnte,0.25
【ケリ姫スイーツ】イベント「ケットバス王国のハロウィンパレード!!」開催！,0.0
Instagram får digitala visitkort,0.0
Nieuwe iPad mini bestellen? Dit zijn de Nederlandse prijzen van de iPad mini 2024,0.0
AirPods Pro 2 beta firmware released,0.0
"Google doesn’t want the Play Store opened up, seeks an emergency stay",0.0258
New iPad Mini 7 debuts,0.0
新玩意 194｜少数派的编辑们最近买了啥？,0.0
Apple pourrait décider de bannir X de son App Store,0.0
macOS Sequoia 15.1 developer update now live,0.0
Tertulia de Federico: García Ortiz debe dimitir. ¿Qué fiscal se atreverá a interrogarle tras las amenazas de éste?,0.0
Apple Secretly Developed Long-Range EV Battery Tech with China's BYD,0.0
Il chip A17 Pro dell’iPad mini 7 utilizza una GPU depotenziata,0.0
В России снова можно будет платить с iPhone — через Bluetooth,0.0
Apple iPhone 14: con il 15% in meno il prezzo DIVENTA OCCASIONE su eBay,0.0
Healthy Halloween Bowl Promotions - Playa Bowls Introduces a New Halloween Rewards Promotion (TrendHunter.com),0.7003
JR東日本、「えきねっと」とAppleマップ連携　地図からシームレスにチケット購入へ,0.0
A Faster Path to Collective Bargaining: Majority Sign-Up,0.0
Actualité : iOS 18.1 : Apple Intelligence est plus qu’utile pour ceux qui payent tout avec leur iPhone,0.3818
UK electronics firms want government to stop taxing trash and let them fix it instead,-0.2263
iPad Mini 7 Is The Cheapest Way To Enter The Apple Intelligence Ecosystem With Features That Compete With The ‘Pro’ Models,0.4767
"Podcast Alternative Football Episode 51 avec Wilfried Nancy, champion de MLS avec Colombus Crew, sur le pourquoi du comment les entraîneurs français s’exportent si mal",0.5994
Transform Your Home with These Stunning Dough Bowl Decor Ideas,0.3818
В России придумали способ платить через iPhone без использования Apple Pay,-0.1027
DLD 505: Cream of the Crap or Cream of the Crop?,-0.3818
[Removed],0.0
"Что интересного в новых камерах iPhone 16. Тестируем все сценарии, чтобы понять результат",0.0
В России создали сервис оплаты через iPhone без Apple Pay. «Волна» будет работать и с Android,-0.1027
Skywell presenterar ny eldriven modell för Europa,0.0
НСПК представила прототип технологии оплаты через iPhone без Apple Pay,-0.1027
El chip A17 Pro del iPad mini está ligeramente capado comparado con el de los iPhone 15 Pro,0.0
au、iPad mini (A17 Pro)の価格を発表。一括12.45万円、負担金6.4万円から,0.0
An upcoming iPhone feature will make it easier to detect spam calls,0.0772
The best MacBook accessories for 2024,0.6369
Apple brevetta un rivoluzionario proiettore AR/VR,0.0
Amazonプライム感謝祭2024 セール情報まとめページ,0.0
L’annonce de l’iPad 10 suggère que l’iPad 11 n’est pas près d’arriver,0.0
Apple’s Next Big Move: Introducing Business Caller ID in 2024,0.0
Les iPhone sont les rois des smartphones reconditionnés,0.0
The best MacBook accessories for 2024,0.6369
"La forma número uno de ganarse el respeto en el trabajo: ""Lo vengo enseñando desde hace décadas"", coincide este experto en liderazgo con Steve Jobs",0.0
"TicWatch Atlas, Wear OS mira de tú a tú al Apple Watch Ultra con un reloj pensado para resistir lo que le echen",0.0
America's chipmaking push will continue no matter who gets elected,-0.0191
Neues Patent: Apple plant VR-Projektor in Glühbirnenform,0.0
Актуальный iPhone 15 подешевел в России на 15%,0.0
Hades II erhält „Olympic Update“,0.0
Apple A17 Pro w nowym iPadzie mini 7. gen. ma ograniczoną liczbę rdzeni,0.0
At least 30 election deniers and 2020 fake electors serving as Trump electors this year | CNN Politics,-0.6369
"Is It Possible To Make Our Screens “Healthier”? The New Blue-Light, Flicker-Free Technology That May Change the Face Of Computing Forever, With Daylight Computer’s Anjan Katta",0.0
[Removed],0.0
iOS 18.2: Top Features & Hidden Upgrades!,0.2714
